﻿<?xml version="1.0" encoding="UTF-8"?><idempiere Name="2Pack_8.2.1" Version="8.2.1" idempiereVersion="" DataBaseVersion="" Description="" Author="" AuthorEmail="" CreatedDate="2021-11-04 17:17:03.459" UpdatedDate="2021-11-04 17:17:03.459" PackOutVersion="100" UpdateDictionary="false" Client="0-SYSTEM-System" AD_Client_UU="11237b53-9592-4af1-b3c5-afd216514b5d">
    <AD_Process type="table">
        <AD_Client_ID>0</AD_Client_ID>
        <AD_Org_ID>0</AD_Org_ID>
        <AD_Org_ID reference="id">0</AD_Org_ID>
        <IsActive>Y</IsActive>
        <Name>XX_ExportDATEV</Name>
        <Description/>
        <Help/>
        <ProcedureName/>
        <IsReport>N</IsReport>
        <Value>XX_ExportDATEV</Value>
        <IsDirectPrint>N</IsDirectPrint>
        <AD_ReportView_ID reference="id"/>
        <Classname>de.action42.idempiere.process.ExportDATEV</Classname>
        <AccessLevel>3</AccessLevel>
        <EntityType>A42DATEV</EntityType>
        <Statistic_Count>92</Statistic_Count>
        <Statistic_Seconds>909</Statistic_Seconds>
        <AD_PrintFormat_ID reference="id"/>
        <WorkflowValue/>
        <AD_Workflow_ID reference="id"/>
        <IsBetaFunctionality>N</IsBetaFunctionality>
        <ShowHelp>Y</ShowHelp>
        <JasperReport/>
        <AD_Form_ID reference="id"/>
        <CopyFromProcess>N</CopyFromProcess>
        <AD_Process_UU>a5cd2bf6-b730-49d4-9fac-6cf19408be78</AD_Process_UU>
        <AD_CtxHelp_ID reference="id"/>
        <ExecutionType/>
        <AllowMultipleExecution>P</AllowMultipleExecution>
        <AD_Process_Trl type="translation">
            <Description/>
            <Help/>
            <Name>XX_ExportDATEV</Name>
            <AD_Language>es_CO</AD_Language>
            <IsActive>Y</IsActive>
            <IsTranslated>N</IsTranslated>
        </AD_Process_Trl>
        <AD_Element type="table">
            <AD_Client_ID>0</AD_Client_ID>
            <AD_Org_ID>0</AD_Org_ID>
            <AD_Org_ID reference="id">0</AD_Org_ID>
            <IsActive>Y</IsActive>
            <ColumnName>ExportAP</ColumnName>
            <Name>ExportAP</Name>
            <Description/>
            <Help/>
            <PrintName>ExportAP</PrintName>
            <PO_Description/>
            <PO_Help/>
            <PO_Name/>
            <PO_PrintName/>
            <EntityType>A42DATEV</EntityType>
            <AD_Element_UU>fb60403f-7473-4010-8ab9-8a4d4ec144db</AD_Element_UU>
            <Placeholder/>
            <AD_Element_Trl type="translation">
                <Description/>
                <Help/>
                <Name>ExportAP</Name>
                <Placeholder/>
                <PO_Description/>
                <PO_Help/>
                <PO_Name/>
                <PO_PrintName/>
                <PrintName>ExportAP</PrintName>
                <AD_Language>es_CO</AD_Language>
                <IsActive>Y</IsActive>
                <IsTranslated>N</IsTranslated>
            </AD_Element_Trl>
        </AD_Element>
        <AD_Process_Para type="table">
            <AD_Client_ID>0</AD_Client_ID>
            <AD_Org_ID>0</AD_Org_ID>
            <AD_Org_ID reference="id">0</AD_Org_ID>
            <IsActive>Y</IsActive>
            <Name>ExportAP</Name>
            <Description/>
            <Help/>
            <AD_Process_ID reference="uuid" reference-key="AD_Process">a5cd2bf6-b730-49d4-9fac-6cf19408be78</AD_Process_ID>
            <SeqNo>30</SeqNo>
            <AD_Reference_ID reference="id">20</AD_Reference_ID>
            <AD_Reference_Value_ID reference="id"/>
            <IsRange>N</IsRange>
            <AD_Val_Rule_ID reference="id"/>
            <FieldLength>0</FieldLength>
            <IsMandatory>Y</IsMandatory>
            <DefaultValue>N</DefaultValue>
            <VFormat/>
            <ValueMin/>
            <ValueMax/>
            <ColumnName>ExportAP</ColumnName>
            <DefaultValue2/>
            <IsCentrallyMaintained>Y</IsCentrallyMaintained>
            <EntityType>A42DATEV</EntityType>
            <AD_Element_ID reference="uuid" reference-key="AD_Element">fb60403f-7473-4010-8ab9-8a4d4ec144db</AD_Element_ID>
            <ReadOnlyLogic/>
            <DisplayLogic/>
            <AD_Process_Para_UU>9e8d9bdb-3c8a-4074-bde3-8985ee12734d</AD_Process_Para_UU>
            <IsEncrypted>N</IsEncrypted>
            <MandatoryLogic/>
            <Placeholder/>
            <Placeholder2/>
            <IsAutocomplete>N</IsAutocomplete>
            <AD_Process_Para_Trl type="translation">
                <Description/>
                <Help/>
                <Name>ExportAP</Name>
                <Placeholder/>
                <Placeholder2/>
                <AD_Language>es_CO</AD_Language>
                <IsActive>Y</IsActive>
                <IsTranslated>N</IsTranslated>
            </AD_Process_Para_Trl>
        </AD_Process_Para>
        <AD_Element type="table">
            <AD_Client_ID>0</AD_Client_ID>
            <AD_Org_ID>0</AD_Org_ID>
            <AD_Org_ID reference="id">0</AD_Org_ID>
            <IsActive>Y</IsActive>
            <ColumnName>ExportAR</ColumnName>
            <Name>ExportAR</Name>
            <Description/>
            <Help/>
            <PrintName>ExportAR</PrintName>
            <PO_Description/>
            <PO_Help/>
            <PO_Name/>
            <PO_PrintName/>
            <EntityType>A42DATEV</EntityType>
            <AD_Element_UU>c6082d87-1ae2-4e11-a214-684ffe696f94</AD_Element_UU>
            <Placeholder/>
            <AD_Element_Trl type="translation">
                <Description/>
                <Help/>
                <Name>ExportAR</Name>
                <Placeholder/>
                <PO_Description/>
                <PO_Help/>
                <PO_Name/>
                <PO_PrintName/>
                <PrintName>ExportAR</PrintName>
                <AD_Language>es_CO</AD_Language>
                <IsActive>Y</IsActive>
                <IsTranslated>N</IsTranslated>
            </AD_Element_Trl>
        </AD_Element>
        <AD_Process_Para type="table">
            <AD_Client_ID>0</AD_Client_ID>
            <AD_Org_ID>0</AD_Org_ID>
            <AD_Org_ID reference="id">0</AD_Org_ID>
            <IsActive>Y</IsActive>
            <Name>ExportAR</Name>
            <Description/>
            <Help/>
            <AD_Process_ID reference="uuid" reference-key="AD_Process">a5cd2bf6-b730-49d4-9fac-6cf19408be78</AD_Process_ID>
            <SeqNo>40</SeqNo>
            <AD_Reference_ID reference="id">20</AD_Reference_ID>
            <AD_Reference_Value_ID reference="id"/>
            <IsRange>N</IsRange>
            <AD_Val_Rule_ID reference="id"/>
            <FieldLength>0</FieldLength>
            <IsMandatory>Y</IsMandatory>
            <DefaultValue>Y</DefaultValue>
            <VFormat/>
            <ValueMin/>
            <ValueMax/>
            <ColumnName>ExportAR</ColumnName>
            <DefaultValue2/>
            <IsCentrallyMaintained>Y</IsCentrallyMaintained>
            <EntityType>A42DATEV</EntityType>
            <AD_Element_ID reference="uuid" reference-key="AD_Element">c6082d87-1ae2-4e11-a214-684ffe696f94</AD_Element_ID>
            <ReadOnlyLogic/>
            <DisplayLogic/>
            <AD_Process_Para_UU>c30bd364-c839-4a99-81fb-4ca3c019c659</AD_Process_Para_UU>
            <IsEncrypted>N</IsEncrypted>
            <MandatoryLogic/>
            <Placeholder/>
            <Placeholder2/>
            <IsAutocomplete>N</IsAutocomplete>
            <AD_Process_Para_Trl type="translation">
                <Description/>
                <Help/>
                <Name>ExportAR</Name>
                <Placeholder/>
                <Placeholder2/>
                <AD_Language>es_CO</AD_Language>
                <IsActive>Y</IsActive>
                <IsTranslated>N</IsTranslated>
            </AD_Process_Para_Trl>
        </AD_Process_Para>
        <AD_Process_Para type="table">
            <AD_Client_ID>0</AD_Client_ID>
            <AD_Org_ID>0</AD_Org_ID>
            <AD_Org_ID reference="id">0</AD_Org_ID>
            <IsActive>Y</IsActive>
            <Name>AD_Org_ID</Name>
            <Description/>
            <Help/>
            <AD_Process_ID reference="uuid" reference-key="AD_Process">a5cd2bf6-b730-49d4-9fac-6cf19408be78</AD_Process_ID>
            <SeqNo>10</SeqNo>
            <AD_Reference_ID reference="id">19</AD_Reference_ID>
            <AD_Reference_Value_ID reference="id"/>
            <IsRange>N</IsRange>
            <AD_Val_Rule_ID reference="id"/>
            <FieldLength>0</FieldLength>
            <IsMandatory>Y</IsMandatory>
            <DefaultValue>1000000</DefaultValue>
            <VFormat/>
            <ValueMin/>
            <ValueMax/>
            <ColumnName>AD_Org_ID</ColumnName>
            <DefaultValue2/>
            <IsCentrallyMaintained>N</IsCentrallyMaintained>
            <EntityType>A42DATEV</EntityType>
            <AD_Element_ID reference="id"/>
            <ReadOnlyLogic/>
            <DisplayLogic/>
            <AD_Process_Para_UU>c2b5aa67-3468-47fd-afa7-802209acee28</AD_Process_Para_UU>
            <IsEncrypted>N</IsEncrypted>
            <MandatoryLogic/>
            <Placeholder/>
            <Placeholder2/>
            <IsAutocomplete>N</IsAutocomplete>
            <AD_Process_Para_Trl type="translation">
                <Description/>
                <Help/>
                <Name>AD_Org_ID</Name>
                <Placeholder/>
                <Placeholder2/>
                <AD_Language>es_CO</AD_Language>
                <IsActive>Y</IsActive>
                <IsTranslated>N</IsTranslated>
            </AD_Process_Para_Trl>
        </AD_Process_Para>
        <AD_Process_Para type="table">
            <AD_Client_ID>0</AD_Client_ID>
            <AD_Org_ID>0</AD_Org_ID>
            <AD_Org_ID reference="id">0</AD_Org_ID>
            <IsActive>Y</IsActive>
            <Name>DateValue</Name>
            <Description/>
            <Help/>
            <AD_Process_ID reference="uuid" reference-key="AD_Process">a5cd2bf6-b730-49d4-9fac-6cf19408be78</AD_Process_ID>
            <SeqNo>20</SeqNo>
            <AD_Reference_ID reference="id">15</AD_Reference_ID>
            <AD_Reference_Value_ID reference="id"/>
            <IsRange>Y</IsRange>
            <AD_Val_Rule_ID reference="id"/>
            <FieldLength>0</FieldLength>
            <IsMandatory>Y</IsMandatory>
            <DefaultValue/>
            <VFormat/>
            <ValueMin/>
            <ValueMax/>
            <ColumnName>DateValue</ColumnName>
            <DefaultValue2/>
            <IsCentrallyMaintained>N</IsCentrallyMaintained>
            <EntityType>A42DATEV</EntityType>
            <AD_Element_ID reference="id"/>
            <ReadOnlyLogic/>
            <DisplayLogic/>
            <AD_Process_Para_UU>f3efefb6-45b5-4108-9b32-35e8cc70e7f5</AD_Process_Para_UU>
            <IsEncrypted>N</IsEncrypted>
            <MandatoryLogic/>
            <Placeholder/>
            <Placeholder2/>
            <IsAutocomplete>N</IsAutocomplete>
            <AD_Process_Para_Trl type="translation">
                <Description/>
                <Help/>
                <Name>DateValue</Name>
                <Placeholder/>
                <Placeholder2/>
                <AD_Language>es_CO</AD_Language>
                <IsActive>Y</IsActive>
                <IsTranslated>N</IsTranslated>
            </AD_Process_Para_Trl>
        </AD_Process_Para>
    </AD_Process>
    <AD_Window type="table">
        <AD_Client_ID>0</AD_Client_ID>
        <AD_Org_ID>0</AD_Org_ID>
        <Name>DatevExportLog</Name>
        <Description/>
        <Help/>
        <AD_Org_ID reference="id">0</AD_Org_ID>
        <IsActive>Y</IsActive>
        <WindowType>Q</WindowType>
        <Processing>N</Processing>
        <AD_Color_ID reference="id"/>
        <AD_Image_ID reference="id"/>
        <EntityType>A42DATEV</EntityType>
        <IsSOTrx>Y</IsSOTrx>
        <IsDefault>N</IsDefault>
        <WinHeight>0</WinHeight>
        <WinWidth>0</WinWidth>
        <IsBetaFunctionality>N</IsBetaFunctionality>
        <AD_Window_UU>4e1c2f93-13c6-41e4-a62b-71d69b0a630c</AD_Window_UU>
        <TitleLogic/>
        <PredefinedContextVariables/>
        <AD_Window_Trl type="translation">
            <Description/>
            <Help/>
            <Name>DatevExportLog</Name>
            <AD_Language>es_CO</AD_Language>
            <IsActive>Y</IsActive>
            <IsTranslated>N</IsTranslated>
        </AD_Window_Trl>
        <AD_Table type="table">
            <AD_Client_ID>0</AD_Client_ID>
            <AD_Org_ID>0</AD_Org_ID>
            <Name>C_Datev_ExportLog_ID</Name>
            <Description/>
            <Help/>
            <AD_Window_ID reference="id"/>
            <AD_Val_Rule_ID reference="id"/>
            <TableName>C_Datev_ExportLog</TableName>
            <LoadSeq>0</LoadSeq>
            <AccessLevel>3</AccessLevel>
            <AD_Org_ID reference="id">0</AD_Org_ID>
            <IsActive>Y</IsActive>
            <IsSecurityEnabled>N</IsSecurityEnabled>
            <IsDeleteable>Y</IsDeleteable>
            <IsHighVolume>N</IsHighVolume>
            <IsView>N</IsView>
            <EntityType>A42DATEV</EntityType>
            <ImportTable>N</ImportTable>
            <IsChangeLog>N</IsChangeLog>
            <ReplicationType>L</ReplicationType>
            <PO_Window_ID reference="id"/>
            <CopyColumnsFromTable>N</CopyColumnsFromTable>
            <IsCentrallyMaintained>Y</IsCentrallyMaintained>
            <AD_Table_UU>9119b8d6-639e-4a99-b731-41a1a1898442</AD_Table_UU>
            <Processing>N</Processing>
            <DatabaseViewDrop/>
            <CopyComponentsFromView/>
            <CreateWindowFromTable/>
            <AD_Element type="table">
                <AD_Client_ID>0</AD_Client_ID>
                <AD_Org_ID>0</AD_Org_ID>
                <AD_Org_ID reference="id">0</AD_Org_ID>
                <IsActive>Y</IsActive>
                <ColumnName>C_Datev_ExportLog_ID</ColumnName>
                <Name>C_Datev_ExportLog_ID</Name>
                <Description/>
                <Help/>
                <PrintName>C_Datev_ExportLog_ID</PrintName>
                <PO_Description/>
                <PO_Help/>
                <PO_Name/>
                <PO_PrintName/>
                <EntityType>A42DATEV</EntityType>
                <AD_Element_UU>983aa520-7f96-43aa-a384-cdf816062417</AD_Element_UU>
                <Placeholder/>
                <AD_Element_Trl type="translation">
                    <Description/>
                    <Help/>
                    <Name>C_Datev_ExportLog_ID</Name>
                    <Placeholder/>
                    <PO_Description/>
                    <PO_Help/>
                    <PO_Name/>
                    <PO_PrintName/>
                    <PrintName>C_Datev_ExportLog_ID</PrintName>
                    <AD_Language>es_CO</AD_Language>
                    <IsActive>Y</IsActive>
                    <IsTranslated>N</IsTranslated>
                </AD_Element_Trl>
            </AD_Element>
            <AD_Column type="table">
                <IsSyncDatabase>Y</IsSyncDatabase>
                <AD_Table_ID reference="uuid" reference-key="AD_Table">9119b8d6-639e-4a99-b731-41a1a1898442</AD_Table_ID>
                <AD_Reference_Value_ID reference="id"/>
                <AD_Client_ID>0</AD_Client_ID>
                <AD_Org_ID>0</AD_Org_ID>
                <Version>0</Version>
                <Name>C_Datev_ExportLog_ID</Name>
                <Description/>
                <Help/>
                <AD_Val_Rule_ID reference="id"/>
                <ColumnName>C_Datev_ExportLog_ID</ColumnName>
                <DefaultValue/>
                <FieldLength>10</FieldLength>
                <IsKey>Y</IsKey>
                <IsParent>N</IsParent>
                <IsMandatory>Y</IsMandatory>
                <IsTranslated>N</IsTranslated>
                <IsIdentifier>N</IsIdentifier>
                <SeqNo/>
                <IsEncrypted>N</IsEncrypted>
                <AD_Reference_ID reference="id">13</AD_Reference_ID>
                <AD_Org_ID reference="id">0</AD_Org_ID>
                <IsActive>Y</IsActive>
                <VFormat/>
                <Callout/>
                <AD_Element_ID reference="uuid" reference-key="AD_Element">983aa520-7f96-43aa-a384-cdf816062417</AD_Element_ID>
                <IsUpdateable>N</IsUpdateable>
                <AD_Process_ID reference="id"/>
                <ValueMin/>
                <ValueMax/>
                <IsSelectionColumn>N</IsSelectionColumn>
                <ReadOnlyLogic/>
                <EntityType>A42DATEV</EntityType>
                <IsAlwaysUpdateable>N</IsAlwaysUpdateable>
                <ColumnSQL/>
                <MandatoryLogic/>
                <IsAutocomplete>N</IsAutocomplete>
                <IsAllowLogging>Y</IsAllowLogging>
                <FormatPattern/>
                <AD_Chart_ID reference="id"/>
                <AD_Column_UU>9d9e42b9-d0cc-4f77-a973-b6b2994bdb8d</AD_Column_UU>
                <IsAllowCopy>N</IsAllowCopy>
                <SeqNoSelection/>
                <IsToolbarButton>N</IsToolbarButton>
                <IsSecure>N</IsSecure>
                <FKConstraintName/>
                <FKConstraintType>N</FKConstraintType>
                <PA_DashboardContent_ID reference="id"/>
                <Placeholder/>
                <IsHtml>N</IsHtml>
                <AD_Val_Rule_Lookup_ID reference="id"/>
            </AD_Column>
            <AD_Column type="table">
                <IsSyncDatabase>Y</IsSyncDatabase>
                <AD_Table_ID reference="uuid" reference-key="AD_Table">9119b8d6-639e-4a99-b731-41a1a1898442</AD_Table_ID>
                <AD_Reference_Value_ID reference="id"/>
                <AD_Client_ID>0</AD_Client_ID>
                <AD_Org_ID>0</AD_Org_ID>
                <Version>0</Version>
                <Name>Client</Name>
                <Description>Client/Tenant for this installation.</Description>
                <Help>A Client is a company or a legal entity. You cannot share data between Clients. Tenant is a synonym for Client.</Help>
                <AD_Val_Rule_ID reference="id">129</AD_Val_Rule_ID>
                <ColumnName>AD_Client_ID</ColumnName>
                <DefaultValue/>
                <FieldLength>10</FieldLength>
                <IsKey>N</IsKey>
                <IsParent>N</IsParent>
                <IsMandatory>Y</IsMandatory>
                <IsTranslated>N</IsTranslated>
                <IsIdentifier>N</IsIdentifier>
                <SeqNo/>
                <IsEncrypted>N</IsEncrypted>
                <AD_Reference_ID reference="id">19</AD_Reference_ID>
                <AD_Org_ID reference="id">0</AD_Org_ID>
                <IsActive>Y</IsActive>
                <VFormat/>
                <Callout/>
                <AD_Element_ID reference="id">102</AD_Element_ID>
                <IsUpdateable>N</IsUpdateable>
                <AD_Process_ID reference="id"/>
                <ValueMin/>
                <ValueMax/>
                <IsSelectionColumn>N</IsSelectionColumn>
                <ReadOnlyLogic/>
                <EntityType>A42DATEV</EntityType>
                <IsAlwaysUpdateable>N</IsAlwaysUpdateable>
                <ColumnSQL/>
                <MandatoryLogic/>
                <IsAutocomplete>N</IsAutocomplete>
                <IsAllowLogging>Y</IsAllowLogging>
                <FormatPattern/>
                <AD_Chart_ID reference="id"/>
                <AD_Column_UU>1a134b4e-5f48-4beb-91bc-8e0bb9cdeca2</AD_Column_UU>
                <IsAllowCopy>N</IsAllowCopy>
                <SeqNoSelection/>
                <IsToolbarButton>N</IsToolbarButton>
                <IsSecure>N</IsSecure>
                <FKConstraintName/>
                <FKConstraintType>D</FKConstraintType>
                <PA_DashboardContent_ID reference="id"/>
                <Placeholder/>
                <IsHtml>N</IsHtml>
                <AD_Val_Rule_Lookup_ID reference="id"/>
            </AD_Column>
            <AD_Column type="table">
                <IsSyncDatabase>Y</IsSyncDatabase>
                <AD_Table_ID reference="uuid" reference-key="AD_Table">9119b8d6-639e-4a99-b731-41a1a1898442</AD_Table_ID>
                <AD_Reference_Value_ID reference="id"/>
                <AD_Client_ID>0</AD_Client_ID>
                <AD_Org_ID>0</AD_Org_ID>
                <Version>0</Version>
                <Name>Organization</Name>
                <Description>Organizational entity within client</Description>
                <Help>An organization is a unit of your client or legal entity - examples are store, department. You can share data between organizations.</Help>
                <AD_Val_Rule_ID reference="id"/>
                <ColumnName>AD_Org_ID</ColumnName>
                <DefaultValue/>
                <FieldLength>10</FieldLength>
                <IsKey>N</IsKey>
                <IsParent>N</IsParent>
                <IsMandatory>Y</IsMandatory>
                <IsTranslated>N</IsTranslated>
                <IsIdentifier>N</IsIdentifier>
                <SeqNo/>
                <IsEncrypted>N</IsEncrypted>
                <AD_Reference_ID reference="id">19</AD_Reference_ID>
                <AD_Org_ID reference="id">0</AD_Org_ID>
                <IsActive>Y</IsActive>
                <VFormat/>
                <Callout/>
                <AD_Element_ID reference="id">113</AD_Element_ID>
                <IsUpdateable>N</IsUpdateable>
                <AD_Process_ID reference="id"/>
                <ValueMin/>
                <ValueMax/>
                <IsSelectionColumn>N</IsSelectionColumn>
                <ReadOnlyLogic/>
                <EntityType>A42DATEV</EntityType>
                <IsAlwaysUpdateable>N</IsAlwaysUpdateable>
                <ColumnSQL/>
                <MandatoryLogic/>
                <IsAutocomplete>N</IsAutocomplete>
                <IsAllowLogging>Y</IsAllowLogging>
                <FormatPattern/>
                <AD_Chart_ID reference="id"/>
                <AD_Column_UU>9d7d1be4-5909-4ed8-96f9-d3d09beb0c32</AD_Column_UU>
                <IsAllowCopy>N</IsAllowCopy>
                <SeqNoSelection/>
                <IsToolbarButton>N</IsToolbarButton>
                <IsSecure>N</IsSecure>
                <FKConstraintName/>
                <FKConstraintType>D</FKConstraintType>
                <PA_DashboardContent_ID reference="id"/>
                <Placeholder/>
                <IsHtml>N</IsHtml>
                <AD_Val_Rule_Lookup_ID reference="id"/>
            </AD_Column>
            <AD_Column type="table">
                <IsSyncDatabase>Y</IsSyncDatabase>
                <AD_Table_ID reference="uuid" reference-key="AD_Table">9119b8d6-639e-4a99-b731-41a1a1898442</AD_Table_ID>
                <AD_Reference_Value_ID reference="id"/>
                <AD_Client_ID>0</AD_Client_ID>
                <AD_Org_ID>0</AD_Org_ID>
                <Version>0</Version>
                <Name>Active</Name>
                <Description>The record is active in the system</Description>
                <Help>There are two methods of making records unavailable in the system: One is to delete the record, the other is to de-activate the record. A de-activated record is not available for selection, but available for reports.
There are two reasons for de-activating and not deleting records:
(1) The system requires the record for audit purposes.
(2) The record is referenced by other records. E.g., you cannot delete a Business Partner, if there are invoices for this partner record existing. You de-activate the Business Partner and prevent that this record is used for future entries.</Help>
                <AD_Val_Rule_ID reference="id"/>
                <ColumnName>IsActive</ColumnName>
                <DefaultValue/>
                <FieldLength>1</FieldLength>
                <IsKey>N</IsKey>
                <IsParent>N</IsParent>
                <IsMandatory>Y</IsMandatory>
                <IsTranslated>N</IsTranslated>
                <IsIdentifier>N</IsIdentifier>
                <SeqNo/>
                <IsEncrypted>N</IsEncrypted>
                <AD_Reference_ID reference="id">20</AD_Reference_ID>
                <AD_Org_ID reference="id">0</AD_Org_ID>
                <IsActive>Y</IsActive>
                <VFormat/>
                <Callout/>
                <AD_Element_ID reference="id">348</AD_Element_ID>
                <IsUpdateable>Y</IsUpdateable>
                <AD_Process_ID reference="id"/>
                <ValueMin/>
                <ValueMax/>
                <IsSelectionColumn>N</IsSelectionColumn>
                <ReadOnlyLogic/>
                <EntityType>A42DATEV</EntityType>
                <IsAlwaysUpdateable>N</IsAlwaysUpdateable>
                <ColumnSQL/>
                <MandatoryLogic/>
                <IsAutocomplete>N</IsAutocomplete>
                <IsAllowLogging>Y</IsAllowLogging>
                <FormatPattern/>
                <AD_Chart_ID reference="id"/>
                <AD_Column_UU>3c7d6d20-b0fe-4105-82b0-3eea520d9ad9</AD_Column_UU>
                <IsAllowCopy>N</IsAllowCopy>
                <SeqNoSelection/>
                <IsToolbarButton>N</IsToolbarButton>
                <IsSecure>N</IsSecure>
                <FKConstraintName/>
                <FKConstraintType>N</FKConstraintType>
                <PA_DashboardContent_ID reference="id"/>
                <Placeholder/>
                <IsHtml>N</IsHtml>
                <AD_Val_Rule_Lookup_ID reference="id"/>
            </AD_Column>
            <AD_Column type="table">
                <IsSyncDatabase>Y</IsSyncDatabase>
                <AD_Table_ID reference="uuid" reference-key="AD_Table">9119b8d6-639e-4a99-b731-41a1a1898442</AD_Table_ID>
                <AD_Reference_Value_ID reference="id"/>
                <AD_Client_ID>0</AD_Client_ID>
                <AD_Org_ID>0</AD_Org_ID>
                <Version>0</Version>
                <Name>Created</Name>
                <Description>Date this record was created</Description>
                <Help>The Created field indicates the date that this record was created.</Help>
                <AD_Val_Rule_ID reference="id"/>
                <ColumnName>Created</ColumnName>
                <DefaultValue>SYSDATE</DefaultValue>
                <FieldLength>13</FieldLength>
                <IsKey>N</IsKey>
                <IsParent>N</IsParent>
                <IsMandatory>Y</IsMandatory>
                <IsTranslated>N</IsTranslated>
                <IsIdentifier>N</IsIdentifier>
                <SeqNo/>
                <IsEncrypted>N</IsEncrypted>
                <AD_Reference_ID reference="id">16</AD_Reference_ID>
                <AD_Org_ID reference="id">0</AD_Org_ID>
                <IsActive>Y</IsActive>
                <VFormat/>
                <Callout/>
                <AD_Element_ID reference="id">245</AD_Element_ID>
                <IsUpdateable>N</IsUpdateable>
                <AD_Process_ID reference="id"/>
                <ValueMin/>
                <ValueMax/>
                <IsSelectionColumn>N</IsSelectionColumn>
                <ReadOnlyLogic/>
                <EntityType>A42DATEV</EntityType>
                <IsAlwaysUpdateable>N</IsAlwaysUpdateable>
                <ColumnSQL/>
                <MandatoryLogic/>
                <IsAutocomplete>N</IsAutocomplete>
                <IsAllowLogging>Y</IsAllowLogging>
                <FormatPattern/>
                <AD_Chart_ID reference="id"/>
                <AD_Column_UU>02b34913-ae93-4a06-abfc-dd863f39bf94</AD_Column_UU>
                <IsAllowCopy>N</IsAllowCopy>
                <SeqNoSelection/>
                <IsToolbarButton>N</IsToolbarButton>
                <IsSecure>N</IsSecure>
                <FKConstraintName/>
                <FKConstraintType>N</FKConstraintType>
                <PA_DashboardContent_ID reference="id"/>
                <Placeholder/>
                <IsHtml>N</IsHtml>
                <AD_Val_Rule_Lookup_ID reference="id"/>
            </AD_Column>
            <AD_Column type="table">
                <IsSyncDatabase>Y</IsSyncDatabase>
                <AD_Table_ID reference="uuid" reference-key="AD_Table">9119b8d6-639e-4a99-b731-41a1a1898442</AD_Table_ID>
                <AD_Reference_Value_ID reference="id">110</AD_Reference_Value_ID>
                <AD_Client_ID>0</AD_Client_ID>
                <AD_Org_ID>0</AD_Org_ID>
                <Version>0</Version>
                <Name>Created By</Name>
                <Description>User who created this records</Description>
                <Help>The Created By field indicates the user who created this record.</Help>
                <AD_Val_Rule_ID reference="id"/>
                <ColumnName>CreatedBy</ColumnName>
                <DefaultValue/>
                <FieldLength>10</FieldLength>
                <IsKey>N</IsKey>
                <IsParent>N</IsParent>
                <IsMandatory>Y</IsMandatory>
                <IsTranslated>N</IsTranslated>
                <IsIdentifier>N</IsIdentifier>
                <SeqNo/>
                <IsEncrypted>N</IsEncrypted>
                <AD_Reference_ID reference="id">18</AD_Reference_ID>
                <AD_Org_ID reference="id">0</AD_Org_ID>
                <IsActive>Y</IsActive>
                <VFormat/>
                <Callout/>
                <AD_Element_ID reference="id">246</AD_Element_ID>
                <IsUpdateable>N</IsUpdateable>
                <AD_Process_ID reference="id"/>
                <ValueMin/>
                <ValueMax/>
                <IsSelectionColumn>N</IsSelectionColumn>
                <ReadOnlyLogic/>
                <EntityType>A42DATEV</EntityType>
                <IsAlwaysUpdateable>N</IsAlwaysUpdateable>
                <ColumnSQL/>
                <MandatoryLogic/>
                <IsAutocomplete>N</IsAutocomplete>
                <IsAllowLogging>Y</IsAllowLogging>
                <FormatPattern/>
                <AD_Chart_ID reference="id"/>
                <AD_Column_UU>27797be2-5e45-47b3-9f9c-8bffaf9acf51</AD_Column_UU>
                <IsAllowCopy>N</IsAllowCopy>
                <SeqNoSelection/>
                <IsToolbarButton>N</IsToolbarButton>
                <IsSecure>N</IsSecure>
                <FKConstraintName/>
                <FKConstraintType>D</FKConstraintType>
                <PA_DashboardContent_ID reference="id"/>
                <Placeholder/>
                <IsHtml>N</IsHtml>
                <AD_Val_Rule_Lookup_ID reference="id"/>
            </AD_Column>
            <AD_Column type="table">
                <IsSyncDatabase>Y</IsSyncDatabase>
                <AD_Table_ID reference="uuid" reference-key="AD_Table">9119b8d6-639e-4a99-b731-41a1a1898442</AD_Table_ID>
                <AD_Reference_Value_ID reference="id"/>
                <AD_Client_ID>0</AD_Client_ID>
                <AD_Org_ID>0</AD_Org_ID>
                <Version>0</Version>
                <Name>Updated</Name>
                <Description>Date this record was updated</Description>
                <Help>The Updated field indicates the date that this record was updated.</Help>
                <AD_Val_Rule_ID reference="id"/>
                <ColumnName>Updated</ColumnName>
                <DefaultValue>SYSDATE</DefaultValue>
                <FieldLength>13</FieldLength>
                <IsKey>N</IsKey>
                <IsParent>N</IsParent>
                <IsMandatory>Y</IsMandatory>
                <IsTranslated>N</IsTranslated>
                <IsIdentifier>N</IsIdentifier>
                <SeqNo/>
                <IsEncrypted>N</IsEncrypted>
                <AD_Reference_ID reference="id">16</AD_Reference_ID>
                <AD_Org_ID reference="id">0</AD_Org_ID>
                <IsActive>Y</IsActive>
                <VFormat/>
                <Callout/>
                <AD_Element_ID reference="id">607</AD_Element_ID>
                <IsUpdateable>N</IsUpdateable>
                <AD_Process_ID reference="id"/>
                <ValueMin/>
                <ValueMax/>
                <IsSelectionColumn>N</IsSelectionColumn>
                <ReadOnlyLogic/>
                <EntityType>A42DATEV</EntityType>
                <IsAlwaysUpdateable>N</IsAlwaysUpdateable>
                <ColumnSQL/>
                <MandatoryLogic/>
                <IsAutocomplete>N</IsAutocomplete>
                <IsAllowLogging>Y</IsAllowLogging>
                <FormatPattern/>
                <AD_Chart_ID reference="id"/>
                <AD_Column_UU>9584fdf5-3ead-4193-b729-28b2b7696e71</AD_Column_UU>
                <IsAllowCopy>N</IsAllowCopy>
                <SeqNoSelection/>
                <IsToolbarButton>N</IsToolbarButton>
                <IsSecure>N</IsSecure>
                <FKConstraintName/>
                <FKConstraintType>N</FKConstraintType>
                <PA_DashboardContent_ID reference="id"/>
                <Placeholder/>
                <IsHtml>N</IsHtml>
                <AD_Val_Rule_Lookup_ID reference="id"/>
            </AD_Column>
            <AD_Column type="table">
                <IsSyncDatabase>Y</IsSyncDatabase>
                <AD_Table_ID reference="uuid" reference-key="AD_Table">9119b8d6-639e-4a99-b731-41a1a1898442</AD_Table_ID>
                <AD_Reference_Value_ID reference="id">110</AD_Reference_Value_ID>
                <AD_Client_ID>0</AD_Client_ID>
                <AD_Org_ID>0</AD_Org_ID>
                <Version>0</Version>
                <Name>Updated By</Name>
                <Description>User who updated this records</Description>
                <Help>The Updated By field indicates the user who updated this record.</Help>
                <AD_Val_Rule_ID reference="id"/>
                <ColumnName>UpdatedBy</ColumnName>
                <DefaultValue/>
                <FieldLength>10</FieldLength>
                <IsKey>N</IsKey>
                <IsParent>N</IsParent>
                <IsMandatory>Y</IsMandatory>
                <IsTranslated>N</IsTranslated>
                <IsIdentifier>N</IsIdentifier>
                <SeqNo/>
                <IsEncrypted>N</IsEncrypted>
                <AD_Reference_ID reference="id">18</AD_Reference_ID>
                <AD_Org_ID reference="id">0</AD_Org_ID>
                <IsActive>Y</IsActive>
                <VFormat/>
                <Callout/>
                <AD_Element_ID reference="id">608</AD_Element_ID>
                <IsUpdateable>N</IsUpdateable>
                <AD_Process_ID reference="id"/>
                <ValueMin/>
                <ValueMax/>
                <IsSelectionColumn>N</IsSelectionColumn>
                <ReadOnlyLogic/>
                <EntityType>A42DATEV</EntityType>
                <IsAlwaysUpdateable>N</IsAlwaysUpdateable>
                <ColumnSQL/>
                <MandatoryLogic/>
                <IsAutocomplete>N</IsAutocomplete>
                <IsAllowLogging>Y</IsAllowLogging>
                <FormatPattern/>
                <AD_Chart_ID reference="id"/>
                <AD_Column_UU>052d3843-17c2-43c7-8264-42c60351272a</AD_Column_UU>
                <IsAllowCopy>N</IsAllowCopy>
                <SeqNoSelection/>
                <IsToolbarButton>N</IsToolbarButton>
                <IsSecure>N</IsSecure>
                <FKConstraintName/>
                <FKConstraintType>D</FKConstraintType>
                <PA_DashboardContent_ID reference="id"/>
                <Placeholder/>
                <IsHtml>N</IsHtml>
                <AD_Val_Rule_Lookup_ID reference="id"/>
            </AD_Column>
            <AD_Column type="table">
                <IsSyncDatabase>Y</IsSyncDatabase>
                <AD_Table_ID reference="uuid" reference-key="AD_Table">9119b8d6-639e-4a99-b731-41a1a1898442</AD_Table_ID>
                <AD_Reference_Value_ID reference="id"/>
                <AD_Client_ID>0</AD_Client_ID>
                <AD_Org_ID>0</AD_Org_ID>
                <Version>0</Version>
                <Name>Business Partner </Name>
                <Description>Identifies a Business Partner</Description>
                <Help>A Business Partner is anyone with whom you transact.  This can include Vendor, Customer, Employee or Salesperson</Help>
                <AD_Val_Rule_ID reference="id"/>
                <ColumnName>C_BPartner_ID</ColumnName>
                <DefaultValue/>
                <FieldLength>10</FieldLength>
                <IsKey>N</IsKey>
                <IsParent>N</IsParent>
                <IsMandatory>N</IsMandatory>
                <IsTranslated>N</IsTranslated>
                <IsIdentifier>N</IsIdentifier>
                <SeqNo/>
                <IsEncrypted>N</IsEncrypted>
                <AD_Reference_ID reference="id">19</AD_Reference_ID>
                <AD_Org_ID reference="id">0</AD_Org_ID>
                <IsActive>Y</IsActive>
                <VFormat/>
                <Callout/>
                <AD_Element_ID reference="id">187</AD_Element_ID>
                <IsUpdateable>Y</IsUpdateable>
                <AD_Process_ID reference="id"/>
                <ValueMin/>
                <ValueMax/>
                <IsSelectionColumn>N</IsSelectionColumn>
                <ReadOnlyLogic/>
                <EntityType>A42DATEV</EntityType>
                <IsAlwaysUpdateable>N</IsAlwaysUpdateable>
                <ColumnSQL/>
                <MandatoryLogic/>
                <IsAutocomplete>N</IsAutocomplete>
                <IsAllowLogging>Y</IsAllowLogging>
                <FormatPattern/>
                <AD_Chart_ID reference="id"/>
                <AD_Column_UU>62dab1dd-09cb-430e-b489-27ceec8028e5</AD_Column_UU>
                <IsAllowCopy>Y</IsAllowCopy>
                <SeqNoSelection/>
                <IsToolbarButton>N</IsToolbarButton>
                <IsSecure>N</IsSecure>
                <FKConstraintName>CBPartner_CDatevExportLog</FKConstraintName>
                <FKConstraintType>N</FKConstraintType>
                <PA_DashboardContent_ID reference="id"/>
                <Placeholder/>
                <IsHtml>N</IsHtml>
                <AD_Val_Rule_Lookup_ID reference="id"/>
            </AD_Column>
            <AD_Column type="table">
                <IsSyncDatabase>Y</IsSyncDatabase>
                <AD_Table_ID reference="uuid" reference-key="AD_Table">9119b8d6-639e-4a99-b731-41a1a1898442</AD_Table_ID>
                <AD_Reference_Value_ID reference="id"/>
                <AD_Client_ID>0</AD_Client_ID>
                <AD_Org_ID>0</AD_Org_ID>
                <Version>0</Version>
                <Name>Document No</Name>
                <Description>Document sequence number of the document</Description>
                <Help>The document number is usually automatically generated by the system and determined by the document type of the document. If the document is not saved, the preliminary number is displayed in "&lt;&gt;".

If the document type of your document has no automatic document sequence defined, the field is empty if you create a new document. This is for documents which usually have an external number (like vendor invoice).  If you leave the field empty, the system will generate a document number for you. The document sequence used for this fallback number is defined in the "Maintain Sequence" window with the name "DocumentNo_&lt;TableName&gt;", where TableName is the actual name of the table (e.g. C_Order).</Help>
                <AD_Val_Rule_ID reference="id"/>
                <ColumnName>DocumentNo</ColumnName>
                <DefaultValue/>
                <FieldLength>40</FieldLength>
                <IsKey>N</IsKey>
                <IsParent>N</IsParent>
                <IsMandatory>N</IsMandatory>
                <IsTranslated>N</IsTranslated>
                <IsIdentifier>N</IsIdentifier>
                <SeqNo/>
                <IsEncrypted>N</IsEncrypted>
                <AD_Reference_ID reference="id">10</AD_Reference_ID>
                <AD_Org_ID reference="id">0</AD_Org_ID>
                <IsActive>Y</IsActive>
                <VFormat/>
                <Callout/>
                <AD_Element_ID reference="id">290</AD_Element_ID>
                <IsUpdateable>Y</IsUpdateable>
                <AD_Process_ID reference="id"/>
                <ValueMin/>
                <ValueMax/>
                <IsSelectionColumn>Y</IsSelectionColumn>
                <ReadOnlyLogic/>
                <EntityType>A42DATEV</EntityType>
                <IsAlwaysUpdateable>N</IsAlwaysUpdateable>
                <ColumnSQL/>
                <MandatoryLogic/>
                <IsAutocomplete>N</IsAutocomplete>
                <IsAllowLogging>Y</IsAllowLogging>
                <FormatPattern/>
                <AD_Chart_ID reference="id"/>
                <AD_Column_UU>d30c778e-ce5f-4d7a-a41e-43525bba1d25</AD_Column_UU>
                <IsAllowCopy>Y</IsAllowCopy>
                <SeqNoSelection>10</SeqNoSelection>
                <IsToolbarButton>N</IsToolbarButton>
                <IsSecure>N</IsSecure>
                <FKConstraintName/>
                <FKConstraintType>N</FKConstraintType>
                <PA_DashboardContent_ID reference="id"/>
                <Placeholder/>
                <IsHtml>N</IsHtml>
                <AD_Val_Rule_Lookup_ID reference="id"/>
            </AD_Column>
            <AD_Column type="table">
                <IsSyncDatabase>Y</IsSyncDatabase>
                <AD_Table_ID reference="uuid" reference-key="AD_Table">9119b8d6-639e-4a99-b731-41a1a1898442</AD_Table_ID>
                <AD_Reference_Value_ID reference="id"/>
                <AD_Client_ID>0</AD_Client_ID>
                <AD_Org_ID>0</AD_Org_ID>
                <Version>0</Version>
                <Name>Account Date</Name>
                <Description>Accounting Date</Description>
                <Help>The Accounting Date indicates the date to be used on the General Ledger account entries generated from this document. It is also used for any currency conversion.</Help>
                <AD_Val_Rule_ID reference="id"/>
                <ColumnName>DateAcct</ColumnName>
                <DefaultValue/>
                <FieldLength>13</FieldLength>
                <IsKey>N</IsKey>
                <IsParent>N</IsParent>
                <IsMandatory>N</IsMandatory>
                <IsTranslated>N</IsTranslated>
                <IsIdentifier>N</IsIdentifier>
                <SeqNo/>
                <IsEncrypted>N</IsEncrypted>
                <AD_Reference_ID reference="id">16</AD_Reference_ID>
                <AD_Org_ID reference="id">0</AD_Org_ID>
                <IsActive>Y</IsActive>
                <VFormat/>
                <Callout/>
                <AD_Element_ID reference="id">263</AD_Element_ID>
                <IsUpdateable>Y</IsUpdateable>
                <AD_Process_ID reference="id"/>
                <ValueMin/>
                <ValueMax/>
                <IsSelectionColumn>N</IsSelectionColumn>
                <ReadOnlyLogic/>
                <EntityType>A42DATEV</EntityType>
                <IsAlwaysUpdateable>N</IsAlwaysUpdateable>
                <ColumnSQL/>
                <MandatoryLogic/>
                <IsAutocomplete>N</IsAutocomplete>
                <IsAllowLogging>Y</IsAllowLogging>
                <FormatPattern/>
                <AD_Chart_ID reference="id"/>
                <AD_Column_UU>1fdd9a7f-89bd-4d41-b690-aa493d2b44d1</AD_Column_UU>
                <IsAllowCopy>Y</IsAllowCopy>
                <SeqNoSelection/>
                <IsToolbarButton>N</IsToolbarButton>
                <IsSecure>N</IsSecure>
                <FKConstraintName/>
                <FKConstraintType>N</FKConstraintType>
                <PA_DashboardContent_ID reference="id"/>
                <Placeholder/>
                <IsHtml>N</IsHtml>
                <AD_Val_Rule_Lookup_ID reference="id"/>
            </AD_Column>
            <AD_Element type="table">
                <AD_Client_ID>0</AD_Client_ID>
                <AD_Org_ID>0</AD_Org_ID>
                <AD_Org_ID reference="id">0</AD_Org_ID>
                <IsActive>Y</IsActive>
                <ColumnName>DateExp</ColumnName>
                <Name>Date of Export</Name>
                <Description/>
                <Help/>
                <PrintName>Date when export was done</PrintName>
                <PO_Description/>
                <PO_Help/>
                <PO_Name/>
                <PO_PrintName/>
                <EntityType>A42DATEV</EntityType>
                <AD_Element_UU>369cc377-c75c-4126-b2ae-2e49ab86863e</AD_Element_UU>
                <Placeholder/>
                <AD_Element_Trl type="translation">
                    <Description/>
                    <Help/>
                    <Name>Date of Export</Name>
                    <Placeholder/>
                    <PO_Description/>
                    <PO_Help/>
                    <PO_Name/>
                    <PO_PrintName/>
                    <PrintName>Date when export was done</PrintName>
                    <AD_Language>es_CO</AD_Language>
                    <IsActive>Y</IsActive>
                    <IsTranslated>N</IsTranslated>
                </AD_Element_Trl>
            </AD_Element>
            <AD_Column type="table">
                <IsSyncDatabase>Y</IsSyncDatabase>
                <AD_Table_ID reference="uuid" reference-key="AD_Table">9119b8d6-639e-4a99-b731-41a1a1898442</AD_Table_ID>
                <AD_Reference_Value_ID reference="id"/>
                <AD_Client_ID>0</AD_Client_ID>
                <AD_Org_ID>0</AD_Org_ID>
                <Version>0</Version>
                <Name>Date of Export</Name>
                <Description/>
                <Help/>
                <AD_Val_Rule_ID reference="id"/>
                <ColumnName>DateExp</ColumnName>
                <DefaultValue/>
                <FieldLength>13</FieldLength>
                <IsKey>N</IsKey>
                <IsParent>N</IsParent>
                <IsMandatory>N</IsMandatory>
                <IsTranslated>N</IsTranslated>
                <IsIdentifier>N</IsIdentifier>
                <SeqNo/>
                <IsEncrypted>N</IsEncrypted>
                <AD_Reference_ID reference="id">16</AD_Reference_ID>
                <AD_Org_ID reference="id">0</AD_Org_ID>
                <IsActive>Y</IsActive>
                <VFormat/>
                <Callout/>
                <AD_Element_ID reference="uuid" reference-key="AD_Element">369cc377-c75c-4126-b2ae-2e49ab86863e</AD_Element_ID>
                <IsUpdateable>Y</IsUpdateable>
                <AD_Process_ID reference="id"/>
                <ValueMin/>
                <ValueMax/>
                <IsSelectionColumn>N</IsSelectionColumn>
                <ReadOnlyLogic/>
                <EntityType>A42DATEV</EntityType>
                <IsAlwaysUpdateable>N</IsAlwaysUpdateable>
                <ColumnSQL/>
                <MandatoryLogic/>
                <IsAutocomplete>N</IsAutocomplete>
                <IsAllowLogging>Y</IsAllowLogging>
                <FormatPattern/>
                <AD_Chart_ID reference="id"/>
                <AD_Column_UU>aa654d31-2724-4c2f-9cf0-35772efa496b</AD_Column_UU>
                <IsAllowCopy>Y</IsAllowCopy>
                <SeqNoSelection/>
                <IsToolbarButton>N</IsToolbarButton>
                <IsSecure>N</IsSecure>
                <FKConstraintName/>
                <FKConstraintType>N</FKConstraintType>
                <PA_DashboardContent_ID reference="id"/>
                <Placeholder/>
                <IsHtml>N</IsHtml>
                <AD_Val_Rule_Lookup_ID reference="id"/>
            </AD_Column>
        </AD_Table>
        <AD_Tab type="table">
            <AD_Client_ID>0</AD_Client_ID>
            <AD_Org_ID>0</AD_Org_ID>
            <Name>DatevExportLog</Name>
            <Description/>
            <Help/>
            <AD_Window_ID reference="uuid" reference-key="AD_Window">4e1c2f93-13c6-41e4-a62b-71d69b0a630c</AD_Window_ID>
            <SeqNo>10</SeqNo>
            <IsSingleRow>Y</IsSingleRow>
            <AD_Table_ID reference="uuid" reference-key="AD_Table">9119b8d6-639e-4a99-b731-41a1a1898442</AD_Table_ID>
            <AD_Org_ID reference="id">0</AD_Org_ID>
            <IsActive>Y</IsActive>
            <HasTree>N</HasTree>
            <IsInfoTab>N</IsInfoTab>
            <IsTranslationTab>N</IsTranslationTab>
            <IsReadOnly>Y</IsReadOnly>
            <AD_Column_ID reference="id"/>
            <WhereClause/>
            <OrderByClause/>
            <CommitWarning/>
            <AD_Process_ID reference="id"/>
            <Processing>N</Processing>
            <AD_Image_ID reference="id"/>
            <ImportFields>N</ImportFields>
            <TabLevel>0</TabLevel>
            <IsSortTab>N</IsSortTab>
            <AD_ColumnSortYesNo_ID reference="id"/>
            <AD_ColumnSortOrder_ID reference="id"/>
            <EntityType>A42DATEV</EntityType>
            <Included_Tab_ID reference="id"/>
            <ReadOnlyLogic/>
            <DisplayLogic/>
            <IsInsertRecord>N</IsInsertRecord>
            <IsAdvancedTab>N</IsAdvancedTab>
            <Parent_Column_ID reference="id"/>
            <AD_Tab_UU>da777e24-a225-4a10-9111-9fa5712c3ce9</AD_Tab_UU>
            <AD_CtxHelp_ID reference="id"/>
            <TreeDisplayedOn>B</TreeDisplayedOn>
            <IsLookupOnlySelection>N</IsLookupOnlySelection>
            <IsAllowAdvancedLookup>Y</IsAllowAdvancedLookup>
            <MaxQueryRecords>0</MaxQueryRecords>
            <AD_Tab_Trl type="translation">
                <CommitWarning/>
                <Description/>
                <Help/>
                <Name>DatevExportLog</Name>
                <AD_Language>es_CO</AD_Language>
                <IsActive>Y</IsActive>
                <IsTranslated>N</IsTranslated>
            </AD_Tab_Trl>
            <AD_Field type="table">
                <AD_Client_ID>0</AD_Client_ID>
                <AD_Org_ID>0</AD_Org_ID>
                <Name>Client</Name>
                <Description>Client/Tenant for this installation.</Description>
                <Help>A Client is a company or a legal entity. You cannot share data between Clients. Tenant is a synonym for Client.</Help>
                <AD_Tab_ID reference="uuid" reference-key="AD_Tab">da777e24-a225-4a10-9111-9fa5712c3ce9</AD_Tab_ID>
                <AD_Column_ID reference="uuid" reference-key="AD_Column">1a134b4e-5f48-4beb-91bc-8e0bb9cdeca2</AD_Column_ID>
                <IsDisplayed>Y</IsDisplayed>
                <DisplayLogic/>
                <DisplayLength>10</DisplayLength>
                <SeqNo>10</SeqNo>
                <SortNo/>
                <IsSameLine>N</IsSameLine>
                <IsHeading>N</IsHeading>
                <IsFieldOnly>N</IsFieldOnly>
                <IsEncrypted>N</IsEncrypted>
                <AD_Org_ID reference="id">0</AD_Org_ID>
                <IsActive>Y</IsActive>
                <IsReadOnly>Y</IsReadOnly>
                <IsCentrallyMaintained>Y</IsCentrallyMaintained>
                <AD_FieldGroup_ID reference="id"/>
                <EntityType>A42DATEV</EntityType>
                <ObscureType/>
                <AD_Reference_ID reference="id"/>
                <IsMandatory/>
                <DefaultValue/>
                <AD_Reference_Value_ID reference="id"/>
                <AD_Val_Rule_ID reference="id"/>
                <Included_Tab_ID reference="id"/>
                <AD_Field_UU>db2b22d0-52bf-4f7e-a68e-1246cf153923</AD_Field_UU>
                <IsAllowCopy/>
                <IsDisplayedGrid>Y</IsDisplayedGrid>
                <SeqNoGrid>10</SeqNoGrid>
                <XPosition>1</XPosition>
                <ColumnSpan>2</ColumnSpan>
                <NumLines>1</NumLines>
                <IsQuickEntry>N</IsQuickEntry>
                <IsUpdateable/>
                <IsAlwaysUpdateable/>
                <MandatoryLogic/>
                <ReadOnlyLogic/>
                <IsToolbarButton/>
                <IsDefaultFocus>N</IsDefaultFocus>
                <IsAdvancedField>N</IsAdvancedField>
                <VFormat/>
                <AD_LabelStyle_ID reference="id"/>
                <AD_FieldStyle_ID reference="id"/>
                <IsQuickForm>N</IsQuickForm>
                <Placeholder/>
                <IsSelectionColumn/>
                <AD_Val_Rule_Lookup_ID reference="id"/>
                <ColumnSQL/>
                <AD_Field_Trl type="translation">
                    <Description>Client/Tenant for this installation.</Description>
                    <Help>A Client is a company or a legal entity. You cannot share data between Clients. Tenant is a synonym for Client.</Help>
                    <Name>Client</Name>
                    <Placeholder/>
                    <AD_Language>es_CO</AD_Language>
                    <IsActive>Y</IsActive>
                    <IsTranslated>N</IsTranslated>
                </AD_Field_Trl>
            </AD_Field>
            <AD_Field type="table">
                <AD_Client_ID>0</AD_Client_ID>
                <AD_Org_ID>0</AD_Org_ID>
                <Name>Organization</Name>
                <Description>Organizational entity within client</Description>
                <Help>An organization is a unit of your client or legal entity - examples are store, department. You can share data between organizations.</Help>
                <AD_Tab_ID reference="uuid" reference-key="AD_Tab">da777e24-a225-4a10-9111-9fa5712c3ce9</AD_Tab_ID>
                <AD_Column_ID reference="uuid" reference-key="AD_Column">9d7d1be4-5909-4ed8-96f9-d3d09beb0c32</AD_Column_ID>
                <IsDisplayed>Y</IsDisplayed>
                <DisplayLogic/>
                <DisplayLength>10</DisplayLength>
                <SeqNo>20</SeqNo>
                <SortNo/>
                <IsSameLine>Y</IsSameLine>
                <IsHeading>N</IsHeading>
                <IsFieldOnly>N</IsFieldOnly>
                <IsEncrypted>N</IsEncrypted>
                <AD_Org_ID reference="id">0</AD_Org_ID>
                <IsActive>Y</IsActive>
                <IsReadOnly>N</IsReadOnly>
                <IsCentrallyMaintained>Y</IsCentrallyMaintained>
                <AD_FieldGroup_ID reference="id"/>
                <EntityType>A42DATEV</EntityType>
                <ObscureType/>
                <AD_Reference_ID reference="id"/>
                <IsMandatory/>
                <DefaultValue/>
                <AD_Reference_Value_ID reference="id"/>
                <AD_Val_Rule_ID reference="id"/>
                <Included_Tab_ID reference="id"/>
                <AD_Field_UU>2874b645-0b89-4ba7-8857-7240c0bfc5a6</AD_Field_UU>
                <IsAllowCopy>Y</IsAllowCopy>
                <IsDisplayedGrid>Y</IsDisplayedGrid>
                <SeqNoGrid>20</SeqNoGrid>
                <XPosition>4</XPosition>
                <ColumnSpan>2</ColumnSpan>
                <NumLines>1</NumLines>
                <IsQuickEntry>N</IsQuickEntry>
                <IsUpdateable/>
                <IsAlwaysUpdateable/>
                <MandatoryLogic/>
                <ReadOnlyLogic/>
                <IsToolbarButton/>
                <IsDefaultFocus>N</IsDefaultFocus>
                <IsAdvancedField>N</IsAdvancedField>
                <VFormat/>
                <AD_LabelStyle_ID reference="id"/>
                <AD_FieldStyle_ID reference="id"/>
                <IsQuickForm>N</IsQuickForm>
                <Placeholder/>
                <IsSelectionColumn/>
                <AD_Val_Rule_Lookup_ID reference="id"/>
                <ColumnSQL/>
                <AD_Field_Trl type="translation">
                    <Description>Organizational entity within client</Description>
                    <Help>An organization is a unit of your client or legal entity - examples are store, department. You can share data between organizations.</Help>
                    <Name>Organization</Name>
                    <Placeholder/>
                    <AD_Language>es_CO</AD_Language>
                    <IsActive>Y</IsActive>
                    <IsTranslated>N</IsTranslated>
                </AD_Field_Trl>
            </AD_Field>
            <AD_Field type="table">
                <AD_Client_ID>0</AD_Client_ID>
                <AD_Org_ID>0</AD_Org_ID>
                <Name>Date of Export</Name>
                <Description/>
                <Help/>
                <AD_Tab_ID reference="uuid" reference-key="AD_Tab">da777e24-a225-4a10-9111-9fa5712c3ce9</AD_Tab_ID>
                <AD_Column_ID reference="uuid" reference-key="AD_Column">aa654d31-2724-4c2f-9cf0-35772efa496b</AD_Column_ID>
                <IsDisplayed>Y</IsDisplayed>
                <DisplayLogic/>
                <DisplayLength>13</DisplayLength>
                <SeqNo>30</SeqNo>
                <SortNo>-1</SortNo>
                <IsSameLine>N</IsSameLine>
                <IsHeading>N</IsHeading>
                <IsFieldOnly>N</IsFieldOnly>
                <IsEncrypted>N</IsEncrypted>
                <AD_Org_ID reference="id">0</AD_Org_ID>
                <IsActive>Y</IsActive>
                <IsReadOnly>N</IsReadOnly>
                <IsCentrallyMaintained>Y</IsCentrallyMaintained>
                <AD_FieldGroup_ID reference="id"/>
                <EntityType>A42DATEV</EntityType>
                <ObscureType/>
                <AD_Reference_ID reference="id"/>
                <IsMandatory/>
                <DefaultValue/>
                <AD_Reference_Value_ID reference="id"/>
                <AD_Val_Rule_ID reference="id"/>
                <Included_Tab_ID reference="id"/>
                <AD_Field_UU>6904a895-9e47-4605-8a4f-0c096089bc7f</AD_Field_UU>
                <IsAllowCopy/>
                <IsDisplayedGrid>Y</IsDisplayedGrid>
                <SeqNoGrid>30</SeqNoGrid>
                <XPosition>1</XPosition>
                <ColumnSpan>2</ColumnSpan>
                <NumLines>1</NumLines>
                <IsQuickEntry>N</IsQuickEntry>
                <IsUpdateable/>
                <IsAlwaysUpdateable/>
                <MandatoryLogic/>
                <ReadOnlyLogic/>
                <IsToolbarButton/>
                <IsDefaultFocus>N</IsDefaultFocus>
                <IsAdvancedField>N</IsAdvancedField>
                <VFormat/>
                <AD_LabelStyle_ID reference="id"/>
                <AD_FieldStyle_ID reference="id"/>
                <IsQuickForm>N</IsQuickForm>
                <Placeholder/>
                <IsSelectionColumn/>
                <AD_Val_Rule_Lookup_ID reference="id"/>
                <ColumnSQL/>
                <AD_Field_Trl type="translation">
                    <Description/>
                    <Help/>
                    <Name>Date of Export</Name>
                    <Placeholder/>
                    <AD_Language>es_CO</AD_Language>
                    <IsActive>Y</IsActive>
                    <IsTranslated>N</IsTranslated>
                </AD_Field_Trl>
            </AD_Field>
            <AD_Field type="table">
                <AD_Client_ID>0</AD_Client_ID>
                <AD_Org_ID>0</AD_Org_ID>
                <Name>Document No</Name>
                <Description>Document sequence number of the document</Description>
                <Help>The document number is usually automatically generated by the system and determined by the document type of the document. If the document is not saved, the preliminary number is displayed in "&lt;&gt;".

If the document type of your document has no automatic document sequence defined, the field is empty if you create a new document. This is for documents which usually have an external number (like vendor invoice).  If you leave the field empty, the system will generate a document number for you. The document sequence used for this fallback number is defined in the "Maintain Sequence" window with the name "DocumentNo_&lt;TableName&gt;", where TableName is the actual name of the table (e.g. C_Order).</Help>
                <AD_Tab_ID reference="uuid" reference-key="AD_Tab">da777e24-a225-4a10-9111-9fa5712c3ce9</AD_Tab_ID>
                <AD_Column_ID reference="uuid" reference-key="AD_Column">d30c778e-ce5f-4d7a-a41e-43525bba1d25</AD_Column_ID>
                <IsDisplayed>Y</IsDisplayed>
                <DisplayLogic/>
                <DisplayLength>40</DisplayLength>
                <SeqNo>40</SeqNo>
                <SortNo>-2</SortNo>
                <IsSameLine>N</IsSameLine>
                <IsHeading>N</IsHeading>
                <IsFieldOnly>N</IsFieldOnly>
                <IsEncrypted>N</IsEncrypted>
                <AD_Org_ID reference="id">0</AD_Org_ID>
                <IsActive>Y</IsActive>
                <IsReadOnly>N</IsReadOnly>
                <IsCentrallyMaintained>Y</IsCentrallyMaintained>
                <AD_FieldGroup_ID reference="id"/>
                <EntityType>A42DATEV</EntityType>
                <ObscureType/>
                <AD_Reference_ID reference="id"/>
                <IsMandatory/>
                <DefaultValue/>
                <AD_Reference_Value_ID reference="id"/>
                <AD_Val_Rule_ID reference="id"/>
                <Included_Tab_ID reference="id"/>
                <AD_Field_UU>70a33773-340e-4f7a-89e2-7e5f086a2226</AD_Field_UU>
                <IsAllowCopy>N</IsAllowCopy>
                <IsDisplayedGrid>Y</IsDisplayedGrid>
                <SeqNoGrid>40</SeqNoGrid>
                <XPosition>1</XPosition>
                <ColumnSpan>5</ColumnSpan>
                <NumLines>1</NumLines>
                <IsQuickEntry>N</IsQuickEntry>
                <IsUpdateable/>
                <IsAlwaysUpdateable/>
                <MandatoryLogic/>
                <ReadOnlyLogic/>
                <IsToolbarButton/>
                <IsDefaultFocus>N</IsDefaultFocus>
                <IsAdvancedField>N</IsAdvancedField>
                <VFormat/>
                <AD_LabelStyle_ID reference="id"/>
                <AD_FieldStyle_ID reference="id"/>
                <IsQuickForm>N</IsQuickForm>
                <Placeholder/>
                <IsSelectionColumn/>
                <AD_Val_Rule_Lookup_ID reference="id"/>
                <ColumnSQL/>
                <AD_Field_Trl type="translation">
                    <Description>Document sequence number of the document</Description>
                    <Help>The document number is usually automatically generated by the system and determined by the document type of the document. If the document is not saved, the preliminary number is displayed in "&lt;&gt;".

If the document type of your document has no automatic document sequence defined, the field is empty if you create a new document. This is for documents which usually have an external number (like vendor invoice).  If you leave the field empty, the system will generate a document number for you. The document sequence used for this fallback number is defined in the "Maintain Sequence" window with the name "DocumentNo_&lt;TableName&gt;", where TableName is the actual name of the table (e.g. C_Order).</Help>
                    <Name>Document No</Name>
                    <Placeholder/>
                    <AD_Language>es_CO</AD_Language>
                    <IsActive>Y</IsActive>
                    <IsTranslated>N</IsTranslated>
                </AD_Field_Trl>
            </AD_Field>
            <AD_Field type="table">
                <AD_Client_ID>0</AD_Client_ID>
                <AD_Org_ID>0</AD_Org_ID>
                <Name>Business Partner </Name>
                <Description>Identifies a Business Partner</Description>
                <Help>A Business Partner is anyone with whom you transact.  This can include Vendor, Customer, Employee or Salesperson</Help>
                <AD_Tab_ID reference="uuid" reference-key="AD_Tab">da777e24-a225-4a10-9111-9fa5712c3ce9</AD_Tab_ID>
                <AD_Column_ID reference="uuid" reference-key="AD_Column">62dab1dd-09cb-430e-b489-27ceec8028e5</AD_Column_ID>
                <IsDisplayed>Y</IsDisplayed>
                <DisplayLogic/>
                <DisplayLength>10</DisplayLength>
                <SeqNo>50</SeqNo>
                <SortNo/>
                <IsSameLine>Y</IsSameLine>
                <IsHeading>N</IsHeading>
                <IsFieldOnly>N</IsFieldOnly>
                <IsEncrypted>N</IsEncrypted>
                <AD_Org_ID reference="id">0</AD_Org_ID>
                <IsActive>Y</IsActive>
                <IsReadOnly>N</IsReadOnly>
                <IsCentrallyMaintained>Y</IsCentrallyMaintained>
                <AD_FieldGroup_ID reference="id"/>
                <EntityType>A42DATEV</EntityType>
                <ObscureType/>
                <AD_Reference_ID reference="id"/>
                <IsMandatory/>
                <DefaultValue/>
                <AD_Reference_Value_ID reference="id"/>
                <AD_Val_Rule_ID reference="id"/>
                <Included_Tab_ID reference="id"/>
                <AD_Field_UU>2a9a03d2-3d36-4613-8d7f-80a69365bc2f</AD_Field_UU>
                <IsAllowCopy/>
                <IsDisplayedGrid>Y</IsDisplayedGrid>
                <SeqNoGrid>50</SeqNoGrid>
                <XPosition>4</XPosition>
                <ColumnSpan>2</ColumnSpan>
                <NumLines>1</NumLines>
                <IsQuickEntry>N</IsQuickEntry>
                <IsUpdateable/>
                <IsAlwaysUpdateable/>
                <MandatoryLogic/>
                <ReadOnlyLogic/>
                <IsToolbarButton/>
                <IsDefaultFocus>N</IsDefaultFocus>
                <IsAdvancedField>N</IsAdvancedField>
                <VFormat/>
                <AD_LabelStyle_ID reference="id"/>
                <AD_FieldStyle_ID reference="id"/>
                <IsQuickForm>N</IsQuickForm>
                <Placeholder/>
                <IsSelectionColumn/>
                <AD_Val_Rule_Lookup_ID reference="id"/>
                <ColumnSQL/>
                <AD_Field_Trl type="translation">
                    <Description>Identifies a Business Partner</Description>
                    <Help>A Business Partner is anyone with whom you transact.  This can include Vendor, Customer, Employee or Salesperson</Help>
                    <Name>Business Partner </Name>
                    <Placeholder/>
                    <AD_Language>es_CO</AD_Language>
                    <IsActive>Y</IsActive>
                    <IsTranslated>N</IsTranslated>
                </AD_Field_Trl>
            </AD_Field>
            <AD_Field type="table">
                <AD_Client_ID>0</AD_Client_ID>
                <AD_Org_ID>0</AD_Org_ID>
                <Name>Account Date</Name>
                <Description>Accounting Date</Description>
                <Help>The Accounting Date indicates the date to be used on the General Ledger account entries generated from this document. It is also used for any currency conversion.</Help>
                <AD_Tab_ID reference="uuid" reference-key="AD_Tab">da777e24-a225-4a10-9111-9fa5712c3ce9</AD_Tab_ID>
                <AD_Column_ID reference="uuid" reference-key="AD_Column">1fdd9a7f-89bd-4d41-b690-aa493d2b44d1</AD_Column_ID>
                <IsDisplayed>Y</IsDisplayed>
                <DisplayLogic/>
                <DisplayLength>13</DisplayLength>
                <SeqNo>60</SeqNo>
                <SortNo/>
                <IsSameLine>N</IsSameLine>
                <IsHeading>N</IsHeading>
                <IsFieldOnly>N</IsFieldOnly>
                <IsEncrypted>N</IsEncrypted>
                <AD_Org_ID reference="id">0</AD_Org_ID>
                <IsActive>Y</IsActive>
                <IsReadOnly>N</IsReadOnly>
                <IsCentrallyMaintained>Y</IsCentrallyMaintained>
                <AD_FieldGroup_ID reference="id"/>
                <EntityType>A42DATEV</EntityType>
                <ObscureType/>
                <AD_Reference_ID reference="id"/>
                <IsMandatory/>
                <DefaultValue/>
                <AD_Reference_Value_ID reference="id"/>
                <AD_Val_Rule_ID reference="id"/>
                <Included_Tab_ID reference="id"/>
                <AD_Field_UU>fe2e6992-d449-4d34-b275-5eb8a90fedda</AD_Field_UU>
                <IsAllowCopy/>
                <IsDisplayedGrid>Y</IsDisplayedGrid>
                <SeqNoGrid>60</SeqNoGrid>
                <XPosition>1</XPosition>
                <ColumnSpan>2</ColumnSpan>
                <NumLines>1</NumLines>
                <IsQuickEntry>N</IsQuickEntry>
                <IsUpdateable/>
                <IsAlwaysUpdateable/>
                <MandatoryLogic/>
                <ReadOnlyLogic/>
                <IsToolbarButton/>
                <IsDefaultFocus>N</IsDefaultFocus>
                <IsAdvancedField>N</IsAdvancedField>
                <VFormat/>
                <AD_LabelStyle_ID reference="id"/>
                <AD_FieldStyle_ID reference="id"/>
                <IsQuickForm>N</IsQuickForm>
                <Placeholder/>
                <IsSelectionColumn/>
                <AD_Val_Rule_Lookup_ID reference="id"/>
                <ColumnSQL/>
                <AD_Field_Trl type="translation">
                    <Description>Accounting Date</Description>
                    <Help>The Accounting Date indicates the date to be used on the General Ledger account entries generated from this document. It is also used for any currency conversion.</Help>
                    <Name>Account Date</Name>
                    <Placeholder/>
                    <AD_Language>es_CO</AD_Language>
                    <IsActive>Y</IsActive>
                    <IsTranslated>N</IsTranslated>
                </AD_Field_Trl>
            </AD_Field>
            <AD_Field type="table">
                <AD_Client_ID>0</AD_Client_ID>
                <AD_Org_ID>0</AD_Org_ID>
                <Name>Active</Name>
                <Description>The record is active in the system</Description>
                <Help>There are two methods of making records unavailable in the system: One is to delete the record, the other is to de-activate the record. A de-activated record is not available for selection, but available for reports.
There are two reasons for de-activating and not deleting records:
(1) The system requires the record for audit purposes.
(2) The record is referenced by other records. E.g., you cannot delete a Business Partner, if there are invoices for this partner record existing. You de-activate the Business Partner and prevent that this record is used for future entries.</Help>
                <AD_Tab_ID reference="uuid" reference-key="AD_Tab">da777e24-a225-4a10-9111-9fa5712c3ce9</AD_Tab_ID>
                <AD_Column_ID reference="uuid" reference-key="AD_Column">3c7d6d20-b0fe-4105-82b0-3eea520d9ad9</AD_Column_ID>
                <IsDisplayed>Y</IsDisplayed>
                <DisplayLogic/>
                <DisplayLength>1</DisplayLength>
                <SeqNo>70</SeqNo>
                <SortNo/>
                <IsSameLine>Y</IsSameLine>
                <IsHeading>N</IsHeading>
                <IsFieldOnly>N</IsFieldOnly>
                <IsEncrypted>N</IsEncrypted>
                <AD_Org_ID reference="id">0</AD_Org_ID>
                <IsActive>Y</IsActive>
                <IsReadOnly>N</IsReadOnly>
                <IsCentrallyMaintained>Y</IsCentrallyMaintained>
                <AD_FieldGroup_ID reference="id"/>
                <EntityType>A42DATEV</EntityType>
                <ObscureType/>
                <AD_Reference_ID reference="id"/>
                <IsMandatory/>
                <DefaultValue/>
                <AD_Reference_Value_ID reference="id"/>
                <AD_Val_Rule_ID reference="id"/>
                <Included_Tab_ID reference="id"/>
                <AD_Field_UU>93c6822d-2be9-41d0-8ede-83c4a0560fd5</AD_Field_UU>
                <IsAllowCopy/>
                <IsDisplayedGrid>Y</IsDisplayedGrid>
                <SeqNoGrid>70</SeqNoGrid>
                <XPosition>5</XPosition>
                <ColumnSpan>2</ColumnSpan>
                <NumLines>1</NumLines>
                <IsQuickEntry>N</IsQuickEntry>
                <IsUpdateable/>
                <IsAlwaysUpdateable/>
                <MandatoryLogic/>
                <ReadOnlyLogic/>
                <IsToolbarButton/>
                <IsDefaultFocus>N</IsDefaultFocus>
                <IsAdvancedField>N</IsAdvancedField>
                <VFormat/>
                <AD_LabelStyle_ID reference="id"/>
                <AD_FieldStyle_ID reference="id"/>
                <IsQuickForm>N</IsQuickForm>
                <Placeholder/>
                <IsSelectionColumn/>
                <AD_Val_Rule_Lookup_ID reference="id"/>
                <ColumnSQL/>
                <AD_Field_Trl type="translation">
                    <Description>The record is active in the system</Description>
                    <Help>There are two methods of making records unavailable in the system: One is to delete the record, the other is to de-activate the record. A de-activated record is not available for selection, but available for reports.
There are two reasons for de-activating and not deleting records:
(1) The system requires the record for audit purposes.
(2) The record is referenced by other records. E.g., you cannot delete a Business Partner, if there are invoices for this partner record existing. You de-activate the Business Partner and prevent that this record is used for future entries.</Help>
                    <Name>Active</Name>
                    <Placeholder/>
                    <AD_Language>es_CO</AD_Language>
                    <IsActive>Y</IsActive>
                    <IsTranslated>N</IsTranslated>
                </AD_Field_Trl>
            </AD_Field>
            <AD_Field type="table">
                <AD_Client_ID>0</AD_Client_ID>
                <AD_Org_ID>0</AD_Org_ID>
                <Name>C_Datev_ExportLog_ID</Name>
                <Description/>
                <Help/>
                <AD_Tab_ID reference="uuid" reference-key="AD_Tab">da777e24-a225-4a10-9111-9fa5712c3ce9</AD_Tab_ID>
                <AD_Column_ID reference="uuid" reference-key="AD_Column">9d9e42b9-d0cc-4f77-a973-b6b2994bdb8d</AD_Column_ID>
                <IsDisplayed>N</IsDisplayed>
                <DisplayLogic/>
                <DisplayLength>10</DisplayLength>
                <SeqNo/>
                <SortNo/>
                <IsSameLine>N</IsSameLine>
                <IsHeading>N</IsHeading>
                <IsFieldOnly>N</IsFieldOnly>
                <IsEncrypted>N</IsEncrypted>
                <AD_Org_ID reference="id">0</AD_Org_ID>
                <IsActive>Y</IsActive>
                <IsReadOnly>N</IsReadOnly>
                <IsCentrallyMaintained>Y</IsCentrallyMaintained>
                <AD_FieldGroup_ID reference="id"/>
                <EntityType>A42DATEV</EntityType>
                <ObscureType/>
                <AD_Reference_ID reference="id"/>
                <IsMandatory/>
                <DefaultValue/>
                <AD_Reference_Value_ID reference="id"/>
                <AD_Val_Rule_ID reference="id"/>
                <Included_Tab_ID reference="id"/>
                <AD_Field_UU>8923fe56-62c7-4a87-8d3f-52fbdd984e54</AD_Field_UU>
                <IsAllowCopy/>
                <IsDisplayedGrid>N</IsDisplayedGrid>
                <SeqNoGrid/>
                <XPosition>1</XPosition>
                <ColumnSpan>2</ColumnSpan>
                <NumLines>1</NumLines>
                <IsQuickEntry>N</IsQuickEntry>
                <IsUpdateable/>
                <IsAlwaysUpdateable/>
                <MandatoryLogic/>
                <ReadOnlyLogic/>
                <IsToolbarButton/>
                <IsDefaultFocus>N</IsDefaultFocus>
                <IsAdvancedField>N</IsAdvancedField>
                <VFormat/>
                <AD_LabelStyle_ID reference="id"/>
                <AD_FieldStyle_ID reference="id"/>
                <IsQuickForm>N</IsQuickForm>
                <Placeholder/>
                <IsSelectionColumn/>
                <AD_Val_Rule_Lookup_ID reference="id"/>
                <ColumnSQL/>
                <AD_Field_Trl type="translation">
                    <Description/>
                    <Help/>
                    <Name>C_Datev_ExportLog_ID</Name>
                    <Placeholder/>
                    <AD_Language>es_CO</AD_Language>
                    <IsActive>Y</IsActive>
                    <IsTranslated>N</IsTranslated>
                </AD_Field_Trl>
            </AD_Field>
        </AD_Tab>
    </AD_Window>
    <AD_SysConfig type="table">
        <AD_Client_ID>0</AD_Client_ID>
        <AD_Org_ID>0</AD_Org_ID>
        <AD_Org_ID reference="id">0</AD_Org_ID>
        <IsActive>Y</IsActive>
        <Name>DATEV_EXPORT_DIR</Name>
        <Value>/opt/datev/export</Value>
        <Description/>
        <EntityType>A42DATEV</EntityType>
        <ConfigurationLevel>O</ConfigurationLevel>
        <AD_SysConfig_UU>88a52ea5-2024-41d3-bd89-c6ef7c8457d0</AD_SysConfig_UU>
    </AD_SysConfig>
</idempiere>
