<?xml version="1.0" encoding="UTF-8"?><idempiere Name="2Pack_8.2.4" Version="8.2.4" idempiereVersion="" DataBaseVersion="" Description="" Author="" AuthorEmail="" CreatedDate="2021-11-04 19:16:48.454" UpdatedDate="2021-11-04 19:17:48.527" PackOutVersion="100" UpdateDictionary="false" Client="0-SYSTEM-System" AD_Client_UU="11237b53-9592-4af1-b3c5-afd216514b5d">
    <AD_Message type="table">
        <AD_Client_ID>0</AD_Client_ID>
        <AD_Org_ID>0</AD_Org_ID>
        <MsgType>I</MsgType>
        <MsgText>WARNING: Nothing exported</MsgText>
        <MsgTip/>
        <AD_Org_ID reference="id">0</AD_Org_ID>
        <IsActive>Y</IsActive>
        <Value>datev.warn_nothing_exported</Value>
        <EntityType>A42DATEV</EntityType>
        <AD_Message_UU>1c3c9a71-ed91-4a6b-bdcb-6b821f09e7be</AD_Message_UU>
        <AD_Message_Trl type="translation">
            <MsgText>WARNING: nothing exported</MsgText>
            <MsgTip/>
            <AD_Language>es_CO</AD_Language>
            <IsActive>Y</IsActive>
            <IsTranslated>N</IsTranslated>
        </AD_Message_Trl>
    </AD_Message>
    <AD_Message type="table">
        <AD_Client_ID>0</AD_Client_ID>
        <AD_Org_ID>0</AD_Org_ID>
        <MsgType>I</MsgType>
        <MsgText>One record exported</MsgText>
        <MsgTip/>
        <AD_Org_ID reference="id">0</AD_Org_ID>
        <IsActive>Y</IsActive>
        <Value>datev.one_record_exported</Value>
        <EntityType>A42DATEV</EntityType>
        <AD_Message_UU>c30e4725-a3a4-4f9a-9a8e-d022112eb698</AD_Message_UU>
        <AD_Message_Trl type="translation">
            <MsgText>One record exported</MsgText>
            <MsgTip/>
            <AD_Language>es_CO</AD_Language>
            <IsActive>Y</IsActive>
            <IsTranslated>N</IsTranslated>
        </AD_Message_Trl>
    </AD_Message>
    <AD_Message type="table">
        <AD_Client_ID>0</AD_Client_ID>
        <AD_Org_ID>0</AD_Org_ID>
        <MsgType>I</MsgType>
        <MsgText>Multiple records exported</MsgText>
        <MsgTip/>
        <AD_Org_ID reference="id">0</AD_Org_ID>
        <IsActive>Y</IsActive>
        <Value>datev.multiple_records_exported</Value>
        <EntityType>A42DATEV</EntityType>
        <AD_Message_UU>e9a63cee-9b46-46e2-9e4d-37221ac94314</AD_Message_UU>
        <AD_Message_Trl type="translation">
            <MsgText>Multiple records exported</MsgText>
            <MsgTip/>
            <AD_Language>es_CO</AD_Language>
            <IsActive>Y</IsActive>
            <IsTranslated>N</IsTranslated>
        </AD_Message_Trl>
    </AD_Message>
</idempiere>
