<?xml version="1.0" encoding="UTF-8"?><idempiere Name="AD_Element" Version="1.0.0" idempiereVersion="6.2.0.202104231636" DataBaseVersion="2019-01-06" Description="" Author="SuperUser" AuthorEmail="root@alfredkochen.de" CreatedDate="Thu Aug 12 18:40:16 CEST 2021" UpdatedDate="Thu Aug 12 18:40:16 CEST 2021" PackOutVersion="100" UpdateDictionary="true" Client="0-SYSTEM-System" AD_Client_UU="11237b53-9592-4af1-b3c5-afd216514b5d">
    <AD_Element type="table">
        <AD_Client_ID>0</AD_Client_ID>
        <AD_Org_ID>0</AD_Org_ID>
        <IsActive>Y</IsActive>
        <ColumnName>XX_Revenue_Acct</ColumnName>
        <Name>Product Revenue</Name>
        <Description>Account for Product Revenue (Sales Account)</Description>
        <Help>The Product Revenue Account indicates the account used for recording sales revenue for this product.</Help>
        <PrintName>Product Revenue</PrintName>
        <PO_Description/>
        <PO_Help/>
        <PO_Name/>
        <PO_PrintName/>
        <EntityType>A42DATEV</EntityType>
        <AD_Element_UU>b660a24d-16bc-4106-966f-900896112932</AD_Element_UU>
        <Placeholder/>
        <AD_Element_Trl type="translation">
            <Description>Account for Product Revenue (Sales Account)</Description>
            <Help>The Product Revenue Account indicates the account used for recording sales revenue for this product.</Help>
            <Name>Product Revenue</Name>
            <PO_Description/>
            <PO_Help/>
            <PO_Name/>
            <PO_PrintName/>
            <Placeholder/>
            <PrintName>Product Revenue</PrintName>
            <AD_Language>de_DE</AD_Language>
            <IsActive>Y</IsActive>
            <IsTranslated>N</IsTranslated>
        </AD_Element_Trl>
    </AD_Element>
</idempiere>
