<?xml version="1.0" encoding="UTF-8"?><?xml-stylesheet type="text/css" href="idempiereDocument.css"?><idempiereDocument>
    <header>a42DatevExport Package Description</header>
    <H1>Package Name:</H1>
    <packagename>a42DatevExport</packagename>
    <H1>Author:</H1>
    <Name:/>
    <H1>Email Address:</H1>
    <Email>a42niem@googlemail.com</Email>
    <H1>Created:</H1>
    <Date>2021-08-12 15:38:00.0</Date>
    <H1>Updated:</H1>
    <Date>2021-08-12 16:01:36.0</Date>
    <H1>Description:</H1>
    <description>Contains EntityType, ExportProcess, DataLogWindow for DATEVExport functionality</description>
    <H1>Instructions:</H1>
    <instructions/>
    <H1>Files in Package:</H1>
    <file>File: PackOut.xml</file>
    <filedirectory>Directory: \dict\</filedirectory>
    <filenotes>Notes: Contains all application/object settings for package</filenotes>
    <H1>Client:</H1>
    <Client>0-SYSTEM-System</Client>
</idempiereDocument>
